artist_name,genre - Mode
"""Weird Al"" Yankovic",Comedy
$olal,Jazz
$uicideBoy$,Hip-Hop
(Sandy) Alex G,Alternative
*NSYNC,Pop
03 Greedo,Hip-Hop
070 Shake,Hip-Hop
10 Years,Alternative
1000mods,Blues
11:11,R&B
1K Phew,Hip-Hop
2 Chainz,Hip-Hop
21 Savage,Pop
24hrs,R&B
2Pac,Hip-Hop
2nd Exit,Jazz
3 Doors Down,Alternative
311,Alternative
38 Special,Folk
3rd Force,Jazz
5 Seconds of Summer,Pop
50 Cent,Hip-Hop
6 Dogs,Hip-Hop
6LACK,Alternative
88GLAM,Hip-Hop
9th Wonder,Hip-Hop
A Day To Remember,Pop
A Perfect Circle,Alternative
A Tribe Called Quest,Jazz
A$AP Ferg,Hip-Hop
A$AP Mob,Hip-Hop
A$AP Rocky,Hip-Hop
A.C. Reed,Blues
A.CHAL,Hip-Hop
ABBA,Pop
ABRA,R&B
AJ Mitchell,Pop
AJJ,Folk
AJR,Pop
AK,Hip-Hop
AWOLNATION,Alternative
Aaliyah,R&B
Aaron Copland,Classical
Aaron Jay Kernis,Classical
Aaron Karo,Comedy
Abhi//Dijon,R&B
Accademia Bizantina,Opera
Ace Hood,Hip-Hop
Action Bronson,Hip-Hop
Adam Ferrara,Comedy
Adam Rafferty,Jazz
Adam Sandler,Comedy
Adele,Pop
Adina Howard,R&B
Adolphe Adam,Opera
Adrian Eagle,Hip-Hop
Adrian Marcel,R&B
Adrian Von Ziegler,Folk
Adrianne Lenker,Folk
Aesop Rock,Alternative
Afroman,Hip-Hop
Aftertheparty,R&B
Against All Authority,Folk
Agustín Barrios Mangoré,Classical
Aim,Jazz
Air,Alternative
Akira Kosemura,Classical
Akon,Pop
Al B. Sure!,R&B
Al Green,Blues
Al Jarreau,Jazz
Al Madrigal,Comedy
Alabama Shakes,Pop
Alan Saldaña,Comedy
Alanis Morissette,Alternative
Alban Berg,Opera
Albert Collins,Blues
Albert Cummings,Blues
"Albert Hammond, Jr.",Blues
Albert King,Blues
Alberta Cross,Alternative
Aldo Romano,Jazz
Alec Benjamin,Pop
Aleks Syntek,Alternative
Alessandro Scarlatti,Opera
Alessia Cara,R&B
Alestorm,Folk
Alex Chilton,Blues
Alex Isley,R&B
Alexander Borodin,Classical
Alexis Weissenberg,Classical
Alextbh,R&B
Alfa Mist,Jazz
Alfredo Catalani,Opera
Alfredo Kraus,Opera
Ali Farka Touré,Blues
Alice Cooper,Blues
Alice Francis,Jazz
Alice In Chains,Alternative
Alicia Keys,R&B
Alina Baraz,R&B
Aliocha,Folk
Alison Krauss,Folk
All That Remains,Alternative
All Them Witches,Blues
All Time Low,Pop
Allah-Las,Folk
Allen Toussaint,Blues
Aloe Blacc,R&B
Alonzo Bodden,Comedy
Altan,Folk
Alter Bridge,Alternative
AlunaGeorge,R&B
Alvin Lee,Blues
Alvin Youngblood Hart,Blues
Always Never,R&B
Amanda Palmer,Folk
Amanda Shires,Folk
Amber Mark,Alternative
Amber Run,Folk
Ambrosia,Folk
Ambrosian Opera Chorus,Opera
American Football,Alternative
Amilcare Ponchielli,Opera
Aminé,Pop
Amir Obe,Hip-Hop
Amon Amarth,Alternative
Amon Tobin,Jazz
Amos Lee,Folk
Amy Liz,Folk
Amy Schumer,Comedy
An Endless Sporadic,Jazz
Ana Popovic,Blues
Anberlin,Alternative
Ancient Astronauts,Jazz
Anders Osborne,Blues
Anderson East,Folk
Andrea Bocelli,Classical
Andreas Scholl,Opera
Andrei Krylov,Classical
Andrelli,Pop
Andrew Belle,Folk
Andrew Bird,Folk
Andrew Cyrille,Jazz
Andrew Dice Clay,Comedy
Andrew Norelli,Comedy
Andrew York,Classical
André Laplante,Classical
André Previn,Classical
André-Ernest-Modeste Grétry,Opera
Andy Hendrickson,Comedy
Andy James,Classical
Andy Mineo,Hip-Hop
Andy Ritchie,Comedy
Andy Shauf,Folk
Andy Woodhull,Comedy
Angel Canales,Jazz
Angel Olsen,Folk
"Angele Dubeau, Ensemble Amati, Raymond Dessaints",Classical
Angelo Badalamenti,Jazz
Angelo De Augustine,Folk
Angus & Julia Stone,Pop
Ani DiFranco,Folk
Animals As Leaders,Jazz
Anita Baker,Jazz
Anita O'Day,Jazz
Anjelah Johnson,Comedy
Anna Moffo,Opera
Anna Nalick,Pop
Anna Netrebko,Opera
Anne Murray,Folk
Anne Sofie von Otter,Opera
Anne-Marie,Pop
Annella,Jazz
Annie Lennox,Folk
Annmarie,R&B
Anomaly,Jazz
Anthony Gomes,Blues
Anthony Jeselnik,Comedy
Anthrax,Alternative
Anton Bruckner,Classical
Anton Webern,Classical
Antonio Caldara,Opera
Antonio Sartorio,Opera
Antonio Soler,Classical
Antonio Vivaldi,Classical
Antonín Dvořák,Classical
Antônio Carlos Jobim,Classical
Anya Marina,Folk
Aníbal El Muerto,Comedy
Aolani,R&B
Apes of the State,Folk
Appleby,R&B
Aram Khachaturian,Classical
Arcade Fire,Alternative
Arcangelo Corelli,Classical
Arch Enemy,Alternative
Arctic Lake,Folk
Aretha Franklin,Blues
Argonaut & Wasp,Alternative
Ari Lennox,Alternative
Ariana Grande,Pop
Ariel Camacho y Los Plebes Del Rancho,Pop
Ariel Pink,Alternative
Arin Ray,R&B
Arj Barker,Comedy
Arlo Parks,R&B
Arnold Schoenberg,Classical
Art Blakey,Jazz
Art Blakey & The Jazz Messengers,Jazz
Art Pepper,Jazz
Arthur Rubinstein,Classical
Artie Lange,Comedy
Artifacts,Alternative
Arturo Márquez,Classical
Arturo Sandoval,Jazz
As I Lay Dying,Alternative
Ashanti,Hip-Hop
Ashes Remain,Alternative
Ashley Tisdale,Pop
Asiahn,R&B
Astor Piazzolla,Classical
Astrid S,Pop
Astrud Gilberto,Jazz
Atlanta Rhythm Section,Blues
Atlantic Five Jazz Band,Jazz
Atlantic Starr,R&B
Atlas Genius,Pop
Atmosphere,Hip-Hop
Atreyu,Alternative
Audioslave,Alternative
August Alsina,R&B
Ava Max,Pop
Avantasia,Classical
Avatar,Alternative
Avenged Sevenfold,Alternative
Aventura,Hip-Hop
Avery Wilson,R&B
Avicii,Pop
Avril Lavigne,Pop
Axel Flovent,Folk
Axian,Jazz
Aziz Ansari,Comedy
Azizi Gibson,Hip-Hop
B-Side,Jazz
B.B. King,Blues
B.o.B,R&B
B0nds,Jazz
B2K,Pop
BADBADNOTGOOD,Hip-Hop
BANKS,Alternative
BANNERS,Pop
BJ The Chicago Kid,Alternative
BLACKPINK,Pop
BLESSED,Alternative
BONES,Hip-Hop
BRIDGE,R&B
BROCKHAMPTON,Pop
BTS,Pop
Baaba Maal,Blues
Baby Bash,R&B
Babyface,R&B
Bacilos,Pop
Backstreet Boys,Pop
Bad Brains,Alternative
Bad Company,Blues
Bad Wolves,Alternative
Badfinger,Folk
Badflower,Alternative
Bahamas,Folk
Bajka,Jazz
Bakar,Alternative
Band Of Skulls,Blues
Band of Horses,Folk
Band of Rascals,Blues
Barbara Hendricks,Opera
Barbara Lewis,Blues
Barns Courtney,Alternative
Baron Vaughn,Comedy
Baroness,Alternative
Bas,Hip-Hop
Basement,Alternative
Battle Beast,Classical
Bay City Rollers,Pop
Bazanji,Pop
Bazzi,Pop
Beach House,Folk
Beastie Boys,Alternative
Bebe Rexha,Pop
Bebo Valdés,Jazz
Beck,Folk
Becky G,Pop
Bedouine,Folk
Bedřich Smetana,Classical
Beirut,Folk
Belinda Carlisle,Pop
Belle & Sebastian,Alternative
Belly,Hip-Hop
Ben Bailey,Comedy
Ben Folds,Folk
Ben Folds Five,Folk
Ben Howard,Folk
Ben Lee,Alternative
Ben Webster,Jazz
Benjamin Booker,Blues
Benjamin Francis Leftwich,Folk
Benny Goodman,Jazz
Benny Sings,Jazz
Benny The Butcher,Alternative
Beret,Hip-Hop
Berhana,Alternative
Bessie Smith,Blues
Beth Hart,Blues
Better Oblivion Community Center,Folk
Between The Buried And Me,Jazz
Beyoncé,R&B
Bhad Bhabie,Pop
Bibio,Pop
Big Brother & The Holding Company,Folk
Big Jay McNeely,Blues
Big Jay Oakerson,Comedy
Big K.R.I.T.,Alternative
Big Pun,Pop
Big Red Machine,Folk
Big Sean,R&B
Big Thief,Folk
Big Time Rush,Pop
Big Tymers,Hip-Hop
Big Words,R&B
Bigg Robb,Blues
Bill Burr,Comedy
Bill Callahan,Folk
Bill Charlap,Jazz
Bill Engvall,Comedy
Bill Evans,Jazz
Bill Evans Trio,Jazz
Bill Hicks,Comedy
Bill Squire,Comedy
Billie Eilish,Pop
Billie Holiday,Jazz
Billie Marten,Folk
Billy Bragg,Folk
Billy Lemos,Alternative
Billy Lockett,Folk
Billy Raffoul,Folk
Biosphere,Jazz
Birdman,Hip-Hop
Birgit Nilsson,Opera
Birocratic,Jazz
Bishop Briggs,Alternative
Björk,Folk
Black Diamond Heavies,Blues
Black Flag,Alternative
Black Pistol Fire,Blues
Black Rebel Motorcycle Club,Blues
Blackalicious,Hip-Hop
Blackfoot,Blues
Blackfoot Gypsies,Blues
Blanco White,Folk
Blind Faith,Blues
Blind Guardian,Classical
Blind Pilot,Folk
Blind Willie Johnson,Blues
Blind Willie McTell,Blues
Blindside,Alternative
Bloc Party,Alternative
Block B,R&B
Blockhead,Jazz
Blodwyn Pig,Blues
Blood Orange,R&B
Bloodbound,Classical
Blossom Dearie,Jazz
Blu,Hip-Hop
Blue Öyster Cult,Blues
Blues Saraceno,Blues
Blues Traveler,Blues
BluntOne,Jazz
Blur,Pop
Bo Burnham,Comedy
Bo Diddley,Blues
Bob Baldwin,Jazz
Bob Berg,Jazz
Bob Curnow's L.A. Big Band,Jazz
Bob Dylan,Folk
Bob Seger,Folk
Bob Weir,Blues
"Bobby ""Blue"" Bland",Blues
Bobby Brown,R&B
Bobby Day,Blues
Bobby Hutcherson,Jazz
Bobby Vinton,Folk
Bobcat Goldthwait,Comedy
Bohren & Der Club Of Gore,Jazz
Bombay Bicycle Club,Folk
Bon Iver,Folk
Bone Crusher,Hip-Hop
Bone Thugs-N-Harmony,Hip-Hop
Bones Owens,Blues
Boney James,Jazz
Bonnie Raitt,Blues
Bonnie Tyler,Pop
Bonobo,Jazz
Bonus Points,Jazz
Boogie,Hip-Hop
Boosie Badazz,Hip-Hop
Born Without Bones,Alternative
Boston,Folk
Bow Wow,Hip-Hop
Boys Like Girls,Pop
Boyz N Da Hood,Hip-Hop
Brad Mehldau,Jazz
Brad Mehldau Trio,Jazz
Brad Williams,Comedy
Brandi Carlile,Folk
Brandon Jenner,Folk
Brandy,R&B
Brasstracks,R&B
Braxton Cook,R&B
Breakfast n Vegas,R&B
Breaking Benjamin,Alternative
Brenda Holloway,Blues
Brennan Savage,Hip-Hop
Brent Faiyaz,Alternative
Bret Ernst,Comedy
Brian Blade & The Fellowship Band,Jazz
Brian Bromberg,Jazz
Brian Culbertson,Jazz
Brian Fallon,Folk
Brian McKnight,R&B
Brian Posehn,Comedy
Brian Regan,Comedy
Brian Simpson,Jazz
Brian Tarquin,Jazz
Brielle Lesley,R&B
Britney Spears,R&B
Britt Nicole,Alternative
Broken Bells,Alternative
Broken Social Scene,Folk
Brother Ali,Hip-Hop
Brother Dege,Blues
Brous One,Jazz
Bruce Hornsby,Folk
Bruno Major,R&B
Bryan Adams,Pop
Bryn Terfel,Opera
Bryson Tiller,R&B
Buck Owens,Folk
Buddy Guy,Blues
Buddy Holly,Folk
Buddy Rich,Jazz
Buena Vista Social Club,Jazz
Buffalo Springfield,Blues
Bugseed,Jazz
Built To Spill,Folk
Bullet For My Valentine,Alternative
Bunbury,Alternative
Bush,Alternative
Béla Bartók,Classical
Béla Fleck and the Flecktones,Jazz
C.S. Armstrong,R&B
CASIOPEA,Jazz
CLOVES,Pop
CNCO,Pop
COIN,Pop
COTIS,R&B
Caamp,Folk
Cab Calloway,Blues
Cacophony,Classical
Caesars,Alternative
Cafe Jazz Deluxe,Jazz
Cage The Elephant,Blues
Caifanes,Alternative
Cake,Alternative
Calexico,Folk
Calle 13,Alternative
Calper,R&B
Calvin Harris,Pop
Camayenne Sofa,Jazz
Camera Obscura,Folk
Camila Cabello,R&B
Camille Saint-Saëns,Classical
Camp Lo,Hip-Hop
Candice Boyd,R&B
Canned Heat,Blues
Cannonball Adderley,Jazz
Canserbero,Hip-Hop
Cantoma,Jazz
Canyon City,Folk
Car Bomb,Jazz
Car Seat Headrest,Folk
Caravan Palace,Jazz
Cardi B,Pop
Carl Friedrich Abel,Classical
Carl Heinrich Graun,Opera
Carl Maria von Weber,Classical
Carl Orff,Classical
Carl Philipp Emanuel Bach,Classical
Carl Sims,Blues
Carl Stamitz,Classical
Carl Thomas,R&B
Carl Zeller,Opera
Carla Thomas,Blues
Carlo Bergonzi,Opera
Carlos Baute,Pop
Carlos Mencia,Comedy
Carly Rae Jepsen,Pop
Carole King,Folk
Carolina Liar,Alternative
Caroline Rhea,Comedy
Carpenters,Folk
Carrie Underwood,Pop
Cartel De Santa,Hip-Hop
Cary Morin,Blues
Casper Magico,Hip-Hop
Cass McCombs,Alternative
Cassandra Wilson,Jazz
Casting Crowns,Alternative
Catherine Russell,Jazz
Cavetown,Pop
Celia Cruz,Jazz
Chad Daniels,Comedy
Chad Kroeger,Alternative
Champion Jack Dupree,Blues
Chance the Rapper,Hip-Hop
Chaos In The CBD,Jazz
Charles Gounod,Opera
Charles Ives,Classical
Charles Mingus,Jazz
Charli XCX,R&B
Charlie Parker,Jazz
Charlie Parker Quintet,Jazz
Charlie Puth,Pop
Charlie Wilson,R&B
Charlotte Day Wilson,Alternative
Charlotte Dos Santos,Jazz
Charlotte Lawrence,Pop
Chase Atlantic,Pop
Chaz Bundick Meets The Mattson 2,Folk
Cheech & Chong,Comedy
Chelsea Cutler,Pop
Cher,Pop
Cher Lloyd,Pop
Chet Baker,Jazz
Chevelle,Alternative
Chicago,Folk
Chick Corea Elektric Band,Jazz
Chief Keef,Hip-Hop
Childish Gambino,Hip-Hop
Childish Major,Hip-Hop
Chinese Man,Jazz
Chingy,R&B
Chloe x Halle,R&B
Choker,R&B
Chris Botti,Jazz
Chris Brown,R&B
Chris Cornell,Alternative
Chris Hardwick,Comedy
Chris Janson,Pop
Chris Maddock,Comedy
Chris Rea,Blues
Chris Robinson Brotherhood,Blues
Chris Rock,Comedy
Chris Sails,R&B
Chris Tomlin,Alternative
Chris Webby,Hip-Hop
Christian Finnegan,Comedy
Christian Scott aTunde Adjuah,Jazz
Christina Aguilera,Pop
Christina Milian,R&B
Christina Perri,Pop
Christoph Willibald Gluck,Classical
Christophe Rousset,Opera
Christopher Titus,Comedy
Christopher Wilde,Pop
Chucho Valdés,Jazz
Chuck Berry,Blues
Chuck Loeb,Jazz
Chuck Mangione,Jazz
Ciara,Hip-Hop
Cigarettes After Sex,Pop
Cimorelli,Pop
City Girls,R&B
City and Colour,Folk
"Clarence ""Frogman"" Henry",Blues
Clarence Carter,Blues
Classics IV,Folk
Claude Debussy,Classical
Clifford Brown,Jazz
Climax Blues Band,Blues
Clipse,Alternative
Clutch,Blues
Coco Celis,Comedy
Coda,Alternative
Coheed and Cambria,Alternative
Col3trane,Alternative
Colbie Caillat,Folk
Cold War Kids,Folk
Coldplay,Pop
Coleman Hawkins,Jazz
Coleman Hell,Pop
Colette Lush,R&B
Colin James,Blues
Colin Stetson,Jazz
Collard,R&B
Collin Moulton,Comedy
Colton Dixon,Alternative
Comedian Bob Marley,Comedy
Comethazine,Hip-Hop
Compulsive Gamblers,Blues
Conrado del Campo,Classical
Cool Company,Alternative
Cooliecut,Hip-Hop
Corey Harper,Folk
Corey Kilgannon,Folk
Cortex,Jazz
Cosculluela,Hip-Hop
Count Basie,Jazz
Counting Crows,Alternative
Courtney Barnett,Folk
Craig Ferguson,Comedy
Crazy P,Jazz
Cream,Blues
"Crosby, Stills & Nash",Blues
"Crosby, Stills, Nash & Young",Blues
Crowder,Alternative
Crying Day Care Choir,Folk
Cuban Doll,R&B
Cuco,Pop
Cultura Profética,Alternative
Culture Abuse,Alternative
Curren$y,Alternative
Cyberbully Mom Club,Folk
Cypress Hill,Hip-Hop
Cyril Scott,Classical
Céline Dion,Pop
César Franck,Classical
D'Angelo,R&B
D.L. Hughley,Comedy
D12,Hip-Hop
DAY26,R&B
DEAN,Pop
DJ Esco,Hip-Hop
DJ Grumble,Jazz
DJ Khaled,R&B
DJ Krush,Jazz
DJ Snake,Pop
DMX,Hip-Hop
DNCE,Pop
DRAMA,Alternative
DREAMERS,Alternative
Da Brat,R&B
DaBaby,Hip-Hop
Daddy Yankee,Hip-Hop
Dame Joan Sutherland,Opera
Damien Jurado,Folk
Damien Rice,Folk
Damon Fowler,Blues
Dan Auerbach,Blues
Dan Caplen,R&B
Dan Cray Trio,Jazz
Dan Cummins,Comedy
Dan Owen,Folk
Dana Gould,Comedy
Dane Cook,Comedy
Danger Doom,Alternative
Danger Incorporated,Hip-Hop
Dani Wilde,Blues
DaniLeigh,Pop
Daniel Auber,Opera
Daniel Barenboim,Classical
Daniel Caesar,Pop
Daniel Tosh,Comedy
Danny Bhoy,Comedy
Danny Brown,Hip-Hop
Danny Ocean,Pop
Darius Rucker,Pop
Darryl Lenox,Comedy
Darryl Williams,Jazz
Daryl Hall & John Oates,Folk
Daughter,Folk
Daughtry,Alternative
Dave Attell,Comedy
Dave Bixby,Folk
Dave Brubeck,Classical
Dave East,Hip-Hop
Dave Holland Quartet,Jazz
Dave Koz,Jazz
Dave Mason,Blues
Dave Rawlings Machine,Folk
Dave Van Ronk,Folk
David Cross,Comedy
David Gray,Folk
David Guetta,Pop
David Lang,Classical
David Maslanka,Classical
David Sanborn,Jazz
David Spade,Comedy
Dawes,Folk
Dawn Richard,R&B
Days N Daze,Folk
Days Of The New,Alternative
De La Ghetto,Hip-Hop
De-Phazz,Jazz
DeJ Loaf,R&B
Dead Man Winter,Alternative
Dean Lewis,Pop
Dean Martin,Jazz
Death Cab for Cutie,Folk
Death From Above 1979,Blues
Death Grips,Hip-Hop
Deca,Jazz
Deeb,Jazz
Deep Purple,Blues
Deerhunter,Folk
Default,Pop
Deftones,Alternative
Del The Funky Homosapien,Hip-Hop
Dela,Jazz
Demetri Martin,Comedy
Demi Lovato,R&B
Denis Leary,Comedy
Denis Solee,Jazz
Dennis Lloyd,Pop
Dennis Miller,Comedy
Denzel Curry,Hip-Hop
Derek & The Dominos,Blues
Derez De’Shon,R&B
Dermot Kennedy,Folk
Des Rocs,Alternative
Desiigner,Hip-Hop
Dessa,Hip-Hop
Destiny's Child,R&B
Destroyer,Alternative
Devendra Banhart,Folk
Devin Townsend Project,Alternative
Dexys Midnight Runners,Pop
Diana Krall,Jazz
Diddy,R&B
Dido,Folk
Die Antwoord,Alternative
Dietrich Fischer-Dieskau,Opera
Digable Planets,Jazz
Diggy,R&B
Digital Underground,Hip-Hop
Dilated Peoples,Alternative
Dinah Shore,Jazz
Dinah Washington,Blues
Dion & The Belmonts,Blues
Diplo,Pop
Disclosure,Pop
Dispatch,Pop
Disturbed,Alternative
Dixie Dregs,Jazz
Dizzy Gillespie,Jazz
Django Reinhardt,Jazz
Dmitri Hvorostovsky,Opera
Dmitri Shostakovich,Classical
Dojo Cuts,Jazz
Dom Kennedy,Hip-Hop
Domenico Scarlatti,Classical
Dominic Miller,Jazz
Domo Genesis,Hip-Hop
Don Diablo,Pop
Don Henley,Pop
Don McLean,Folk
Don Omar,Hip-Hop
Don Philippe,Jazz
Don Rickles,Comedy
Donald Glover,Comedy
Donell Jones,Hip-Hop
Donovan Woods,Folk
Dope,Alternative
Doris Day,Jazz
Dorothy,Blues
Dorothy Ashby,Jazz
Doug Benson,Comedy
Doug Stanhope,Comedy
Dounia,R&B
Dr. Dog,Folk
Dr. Dre,Hip-Hop
Dr. Hook,Folk
Dr. John,Blues
DragonForce,Classical
Drake,Pop
Dread Mar I,Alternative
Dream Evil,Classical
Dreezy,Pop
Drew Holcomb & The Neighbors,Folk
Drive-By Truckers,Folk
Dru Hill,R&B
Drugdealer,Folk
Duckwrth,R&B
Duke Ellington,Jazz
Dust,Blues
Dusty Springfield,Folk
Dynamic Duo,R&B
E-40,Hip-Hop
ELHAE,R&B
Eagles,Folk
Eagles Of Death Metal,Blues
Earl Hooker,Blues
Earl King,Blues
Earl Klugh,Jazz
Earl Sweatshirt,Alternative
Earshot,Alternative
"Earth, Wind & Fire",Jazz
Eartha Kitt,Jazz
Easy Life,Alternative
Ed Sheeran,Pop
Eddie Griffin,Comedy
Eddie Izzard,Comedy
Eddie Kendricks,Jazz
Eddie Murphy,Comedy
Edguy,Classical
Edo. G,Alternative
Edvard Grieg,Classical
Edward Elgar,Classical
El Gran Combo De Puerto Rico,Jazz
El Gran Silencio,Alternative
El Jazzy Chavo,Jazz
El Michels Affair,Jazz
Elan Trotman,Jazz
Elastica,Alternative
Elder Island,R&B
Eldissa,Jazz
Electric Guest,Alternative
Electric Light Orchestra,Folk
Elefante,Alternative
Eleni Karaindrou,Classical
Eli Sostre,R&B
Eli Young Band,Pop
Eliane Elias,Jazz
Elias Dummer,Alternative
Elijah Blake,R&B
Elizabeth Cotten,Blues
Elizabeth Mitchell,Folk
Ella Fitzgerald,Blues
Ella Mae Morse,Blues
Ella Mai,R&B
Ellen DeGeneres,Comedy
Ellie Goulding,R&B
Elliott Smith,Folk
Elmore James,Blues
Eluveitie,Folk
Elvenking,Classical
Elvis Costello,Folk
Elvis Costello & The Attractions,Folk
Emahoy Tsegué-Maryam Guébrou,Folk
Emancipator,Jazz
Emapea,Jazz
"Emerson, Lake & Palmer",Jazz
Emilie-Claire Barlow,Jazz
Emily Heller,Comedy
Emily King,R&B
Eminem,Hip-Hop
Emmerich Kálmán,Opera
Emotional Oranges,Alternative
Empire Cast,R&B
Empire of the Sun,Alternative
Engelbert Humperdinck,Opera
English Chamber Orchestra,Classical
Enrico Caruso,Opera
Enrique Granados,Classical
Enrique Iglesias,Pop
Erato,Folk
Eric Bellinger,R&B
Eric Clapton,Blues
Eric Darius,Jazz
Eric Essix,Jazz
Eric Gales,Blues
Eric Hutchinson,Folk
Eric Johnson,Classical
Eric Whitacre,Classical
Erik Satie,Classical
Erikka Innes,Comedy
Ernest John Moeran,Classical
Erthlings,Alternative
Erykah Badu,R&B
Eryn Allen Kane,Alternative
Esbjörn Svensson Trio,Jazz
Escape the Fate,Alternative
Ese Wey,Comedy
Esperanza Spalding,Jazz
Estugarda,Jazz
Etta James,Blues
Etta Jones,Jazz
Ettore Bastianini,Opera
Euge Groove,Jazz
Eugene Mirman,Comedy
European Jazz Trio,Jazz
Evanescence,Alternative
Eve,R&B
Eve 6,Alternative
Ezra Collective,Jazz
Ezra Furman,Alternative
F1rstman,Hip-Hop
FINNEAS,Pop
FKA twigs,R&B
Fabio Biondi,Opera
Fabolous,R&B
Faces,Blues
Faith Evans,Hip-Hop
Fall Out Boy,Pop
Family Force 5,Alternative
Family of the Year,Folk
Famous Dex,Pop
Fantastic Negrito,Blues
Fastball,Pop
Fat Nick,Hip-Hop
Father John Misty,Folk
Fats Domino,Blues
Faun,Folk
Federico Mompou,Classical
Fedora Barbieri,Opera
Feist,Folk
Felicity Lott,Opera
Felipe Esparza,Comedy
Felipe Peláez,Pop
Felix Mendelssohn,Classical
Fenech-Soler,Alternative
Ferdinand Hérold,Opera
Fergie,R&B
Fetty Wap,Hip-Hop
Field Mob,Hip-Hop
Fifth Harmony,R&B
Filmore,Pop
Fiona Apple,Folk
First Aid Kit,Folk
Fitz and The Tantrums,Pop
Five Finger Death Punch,Alternative
Flatbush Zombies,Hip-Hop
Fleet Foxes,Folk
Flipp Dinero,Hip-Hop
Flitz&Suppe,Jazz
Flo Rida,Pop
FloFilz,Jazz
Florence + The Machine,Folk
Florida Georgia Line,Pop
Florilegium,Opera
Flughand,Jazz
Flying Lotus,Alternative
Flyleaf,Alternative
Foals,Pop
Foghat,Blues
Foo Fighters,Alternative
Four Tet,Jazz
Foxing,Alternative
Foxwarren,Folk
Foxygen,Folk
Frances,Folk
Francesca Battistelli,Alternative
Francesco Araia,Opera
Francesco Cavalli,Opera
Francesco Cilea,Opera
Francesco Nicola Fago,Opera
Francis Poulenc,Classical
Franco Escamilla,Comedy
Frank Ocean,Hip-Hop
Frank Ticheli,Classical
Frank Turner,Folk
Frank Zappa,Jazz
Frankie Boyle,Comedy
Frankie Cosmos,Pop
Frankie Goes To Hollywood,Pop
Frankie Lymon,Blues
Frankie Lymon & The Teenagers,Blues
Frankie Ruiz,Jazz
Frankie Valli & The Four Seasons,Folk
Franz Ferdinand,Alternative
Franz Joseph Haydn,Classical
Franz Lehár,Opera
Franz Liszt,Classical
Franz Schubert,Classical
Fred Astaire,Jazz
Freddie Gibbs,Alternative
Freddie Hubbard,Jazz
Freddie Joachim,Jazz
Frederick Delius,Classical
Fredrik Kronkvist,Jazz
Fredrika Stahl,Jazz
Freedom Call,Classical
French Montana,Pop
Friedrich von Flotow,Opera
Fritz Kreisler,Classical
Frédéric Chopin,Classical
Fuel,Pop
Funkadelic,Jazz
Funkee Boy,Jazz
Future,Hip-Hop
Future Islands,Alternative
G Mills,Jazz
G-Eazy,Hip-Hop
GAWVI,Hip-Hop
GNAR,Hip-Hop
GOT7,Pop
Gabriel Fauré,Classical
Gabriel Iglesias,Comedy
Gabriel Kahane,Classical
Gabrielle Aplin,Folk
Gaetano Donizetti,Opera
Galactic,Blues
Galantis,Pop
Galaxie 500,Folk
Gallant,Alternative
Gang Starr,Alternative
Garrett Kato,Folk
Gary Clark Jr.,Blues
Gary Gulman,Comedy
Gary Moore,Blues
Gavin DeGraw,Pop
Gavin Mikhail,Pop
Geminiano Giacomelli,Opera
Generationals,Alternative
Gente De Zona,Hip-Hop
Georg Philipp Telemann,Classical
George Benson,Jazz
George Carlin,Comedy
George Frideric Handel,Classical
George Gershwin,Classical
George Harrison,Folk
George Lopez,Comedy
George Thorogood & The Destroyers,Blues
George White Group,Jazz
Georges Bizet,Opera
Georges Prêtre,Opera
Georgs Pelēcis,Classical
Gerald Albright,Jazz
Germ,Hip-Hop
Gerry Mulligan,Jazz
Gerry Rafferty,Pop
Getatchew Mekurya,Jazz
Getter,Hip-Hop
Ghostemane,Hip-Hop
Giacomo Meyerbeer,Opera
Giacomo Puccini,Opera
Gilad Hekselman,Jazz
Gilbert Gottfried,Comedy
Gillian Welch,Folk
Gin Blossoms,Alternative
Gin Wigmore,Pop
Ginuwine,R&B
Gioachino Rossini,Opera
Giovanni Battista Sammartini,Classical
Giovanni Guidi,Jazz
Giuseppe Di Stefano,Classical
Giuseppe Giordani,Opera
Giuseppe Verdi,Opera
Glenn Miller,Jazz
Global Dan,Hip-Hop
GoGo Penguin,Jazz
Godsmack,Alternative
Godspeed You! Black Emperor,Jazz
Gold Spectacles,Alternative
GoldFish,Jazz
GoldLink,Hip-Hop
Good Charlotte,Pop
Goodbye June,Alternative
Gordon Lightfoot,Folk
Gorillaz,Alternative
Gov't Mule,Blues
Grace,R&B
Grace Grundy,Pop
Grace Potter & The Nocturnals,Blues
Graham Nash,Folk
Gramatik,Jazz
Grand Funk Railroad,Blues
Grant Green,Jazz
Grateful Dead,Folk
Great Lake Swimmers,Folk
Green Assassin Dollar,Jazz
Green Day,Pop
Greg Behrendt,Comedy
Greg Giraldo,Comedy
Greg Warren,Comedy
Gregg Allman,Blues
Gregory Alan Isakov,Folk
Greta Van Fleet,Blues
Gretchen Parlato,Jazz
Grey,Pop
Greyboy,Jazz
Greyson Chance,Pop
Grinderman,Blues
Grizfolk,Alternative
Grizzly Bear,Alternative
Groove Armada,Jazz
Grouplove,Folk
"Grover Washington, Jr.",Jazz
Gryffin,Pop
Gucci Mane,Hip-Hop
Guillaume Dufay,Classical
Guillaume de Machaut,Classical
Guitar Shorty,Blues
Gunna,Hip-Hop
Guru Griff,Jazz
Guru Randhawa,Hip-Hop
Guru's Jazzmatazz,Jazz
Gus Viseur,Jazz
Gustav Holst,Classical
Gustav Mahler,Classical
Gustavo Santaolalla,Classical
Guster,Folk
Guthrie Govan,Classical
Guts,Jazz
Guy Clark,Folk
Gyptian,Hip-Hop
György Kurtág,Classical
Gábor Szabó,Jazz
H.E.R.,R&B
HAIM,Folk
HONNE,R&B
Hablot Brown,R&B
Hafliði Hallgrímsson,Classical
Hailee Steinfeld,Pop
Hailu Mergia,Jazz
Haken,Classical
Halestorm,Alternative
Haley Heynderickx,Folk
Halsey,Pop
Hamish Anderson,Blues
Hammerfall,Classical
Hamzaa,R&B
Handsome Boy Modeling School,Alternative
Hank Mobley,Jazz
Hannah Montana,Pop
Hanni El Khatib,Blues
Hannibal Buress,Comedy
Hariprasad Chaurasia,Classical
Harland Williams,Comedy
Harold Budd,Classical
Harrison Storm,Folk
"Harry Connick, Jr.",Jazz
Harry Nilsson,Folk
Harry Styles,Pop
Harvey Danger,Alternative
Hasil Adkins,Blues
Haux,Folk
Hayden Calnin,Folk
Hayley Kiyoko,Pop
Healy,Hip-Hop
Heart,Pop
Heartless Bastards,Blues
Hearts & Colors,Pop
Heatwave,Jazz
Hector Berlioz,Classical
Helen Merrill,Jazz
Helen Reddy,Folk
Helloween,Classical
Henry Green,Folk
Henry Jamison,Folk
Henry Mancini,Jazz
Henry Purcell,Classical
Henryk Wieniawski,Classical
Herbert von Karajan,Classical
Herbie Hancock,Jazz
Herbie Mann,Jazz
Herman's Hermits,Folk
Herrick & Hooley,R&B
Herring Franky,Jazz
Hiatus Kaiyote,R&B
Hidden Spheres,Jazz
Hieroglyphics,Hip-Hop
Hikaru Hayashi,Classical
Hildegard von Bingen,Classical
Hinder,Alternative
Hollow Coves,Folk
Hollywood Undead,Alternative
Hombres G,Alternative
Honors,R&B
Hoody,R&B
Hop Along,Folk
Hopsin,Hip-Hop
Horse Feathers,Folk
Horse Head,Hip-Hop
Hot Chelle Rae,Pop
Hot Chip,Alternative
Hot Chocolate,Pop
Hound Dog Taylor,Blues
Howard Shore,Classical
Howie Day,Pop
Howlin' Wolf,Blues
Hozier,Folk
Humble Pie,Blues
Huncho Jack,Hip-Hop
Hunnah,R&B
Hunter Hayes,Pop
Hush Kids,Folk
Hyolyn,R&B
Héctor Lavoe,Jazz
Hüsker Dü,Alternative
I AM THEY,Alternative
I'm With Her,Folk
IAMDDB,R&B
ILLENIUM,Pop
IU,Pop
Ibrahim Maalouf,Jazz
Ice Cube,Hip-Hop
Iced Earth,Classical
Icon For Hire,Alternative
Iggy Azalea,R&B
Igor Stravinsky,Classical
Iliza Shlesinger,Comedy
Illa J,Jazz
Imaginary Future,Folk
Imran Khan,Hip-Hop
In Flames,Alternative
In This Moment,Alternative
Ina Forsman,Blues
Incognito,Jazz
Incubus,Alternative
India.Arie,R&B
Indila,Pop
Ingrid Michaelson,Folk
Injury Reserve,Alternative
Interpol,Alternative
Irma Thomas,Blues
Iron & Wine,Folk
Iron Savior,Classical
Isaac Albéniz,Classical
Isaiah Rashad,Hip-Hop
Ishman Bracey,Blues
Ismael Rivera,Jazz
Issac Delgado,Jazz
Ivan Ave,Jazz
Ivy Queen,Hip-Hop
Iyaz,Pop
J Boog,Pop
J Moss,R&B
J. Cole,Hip-Hop
J. Dash,Pop
J. Holiday,R&B
J. Roddy Walston & The Business,Blues
J.J. Cale,Blues
JC Stewart,Folk
JD McPherson,Blues
JID,Hip-Hop
JJ Grey & Mofro,Blues
JJ Heller,Alternative
JON VINYL,R&B
JP Cooper,R&B
JR Castro,R&B
Jack & Jack,Pop
Jack Broadbent,Blues
Jack Harlow,Hip-Hop
Jack White,Blues
Jack Whitehall,Comedy
Jack Ü,Pop
Jackie Kashian,Comedy
Jackie Wilson,Blues
Jackson Browne,Folk
Jackson C. Frank,Folk
Jacob Banks,R&B
Jacob Collier,Alternative
Jacob Lee,Folk
Jacopo Peri,Opera
Jacquees,R&B
Jacques Offenbach,Opera
Jade Novah,R&B
Jaden Smith,Hip-Hop
Jadu Heart,R&B
Jagged Edge,Pop
Jaheim,R&B
Jai Paul,Alternative
Jake Etheridge,Folk
Jakob Ogawa,Alternative
Jala Brat,Folk
James Barker Band,Pop
James Blake,Alternative
James Fortune,R&B
James Labrie,Classical
James Morrison,Folk
James TW,Pop
James Taylor,Folk
James Tillman,Jazz
James Vickery,R&B
James Vincent McMorrow,Folk
Jamestown Revival,Folk
Jamie Foxx,R&B
Jamie Grace,Alternative
Jamila Woods,R&B
Jamiroquai,Jazz
Jane Monheit,Jazz
Jane's Addiction,Alternative
Janelle Monáe,R&B
Janet Jackson,R&B
Janis Joplin,Blues
Japanese Breakfast,Folk
Jarren Benton,Hip-Hop
Jarryd James,Alternative
Jason Becker,Classical
Jason Derulo,Hip-Hop
Jason Isbell,Folk
Jason Isbell and the 400 Unit,Alternative
Jason Walker,Pop
Javier Camarena,Opera
Jax Jones,Pop
Jay Mohr,Comedy
Jay Park,R&B
Jay Reatard,Blues
Jay Rock,Hip-Hop
Jay Sean,Pop
Jay Soto,Jazz
Jay Wile,R&B
Jaymay,Folk
Jazz Cartier,Hip-Hop
Jean-Baptiste Lully,Opera
Jean-Philippe Rameau,Opera
Jean-Yves Thibaudet,Classical
Jeebanoff,R&B
Jeezy,Hip-Hop
Jeff Beck,Blues
Jeff Bernat,R&B
Jeff Dunham,Comedy
Jeff Foxworthy,Comedy
Jeff Healey,Blues
Jeff Rosenstock,Folk
Jefferson Airplane,Blues
Jeffrey Foucault,Folk
Jennifer Lopez,Pop
Jenny Lewis,Folk
Jeremih,R&B
Jeremy Camp,Alternative
Jeremy Passion,R&B
Jeremy Zucker,Pop
Jermaine Dupri,Hip-Hop
Jeroen van Veen,Classical
Jerry Butler,Blues
Jerry Garcia,Blues
Jerry Seinfeld,Comedy
Jerry Vale,Jazz
Jesca Hoop,Folk
Jess Glynne,Pop
Jesse & Joy,Pop
Jesse Mac Cormack,Folk
Jesse McCartney,R&B
Jessica Pratt,Folk
Jessica Reedy,R&B
Jessie Hill,Blues
Jessie Reyez,R&B
Jessie Ware,R&B
Jessye Norman,Opera
"Jesús Roberto ""La Bala""",Comedy
Jethro Tull,Blues
Jez Dior,Hip-Hop
Jhay Cortez,Hip-Hop
Jhene Aiko,R&B
Jidenna,Hip-Hop
Jill Scott,Hip-Hop
Jim Breuer,Comedy
Jim Croce,Folk
Jim Gaffigan,Comedy
Jim Hall,Jazz
Jim Jefferies,Comedy
Jim Norton,Comedy
Jim Tews,Comedy
Jimi Hendrix,Blues
Jimmy Buffett,Folk
Jimmy Durante,Jazz
Jimmy McGriff,Jazz
Jimmy Reed,Blues
Jimmy Scott,Jazz
Jimmy Smith,Jazz
Jinsang,R&B
Jo Stafford,Jazz
JoJo,R&B
Joanne Brackeen,Jazz
Joanne Shaw Taylor,Blues
Joaquín Rodrigo,Classical
Jodeci,Hip-Hop
Joe,R&B
Joe Bataan,Jazz
Joe Bonamassa,Blues
Joe Cocker,Blues
Joe Corfield,Jazz
Joe Henderson,Jazz
Joe Hisaishi,Classical
Joe Liggins,Jazz
Joe List,Comedy
Joe Pass,Jazz
Joe Purdy,Folk
Joe Rogan,Comedy
Joe Sample,Jazz
Joe Satriani,Classical
Joe Walsh,Blues
Joe Zimmerman,Comedy
Joel Baker,R&B
Joel Culpepper,R&B
Joey Alexander,Jazz
Joey Bada$$,Hip-Hop
Joey DeFrancesco,Jazz
Johann Adolf Hasse,Opera
Johann Pachelbel,Classical
Johann Sebastian Bach,Classical
Johann Strauss II,Classical
Johannes Brahms,Classical
John 5,Classical
John Caparulo,Comedy
John Coltrane,Jazz
John Coltrane Quartet,Jazz
John Corigliano,Classical
John De Sohn,Pop
John Denver,Folk
John Frusciante,Alternative
John Gurney,Pop
John Heffron,Comedy
John Lee Hooker,Blues
John Legend,R&B
John Lennon,Folk
John Luther Adams,Classical
John Mayall,Blues
John Mayer,Pop
John Mellencamp,Folk
John Moreland,Alternative
John Mulaney,Comedy
John Parr,Pop
John Philip Sousa,Classical
John Pinette,Comedy
John Prine,Folk
John Scofield,Blues
Johnnie Taylor,Blues
Johnny Flynn,Folk
Johnny Gill,R&B
Johnny Maestro,Blues
Johnny Mathis,Jazz
Johnny Nash,Pop
Johnny Pacheco,Jazz
Johnny Temple,Blues
Johnnyswim,Folk
Joji,R&B
Jon B.,R&B
Jon Batiste,Jazz
Jon Bellion,Pop
Jon Reep,Comedy
Jonas Brothers,Pop
Jonas Kaufmann,Classical
Jonathan Butler,Jazz
Jonathan Davis,Alternative
Jonathan McReynolds,R&B
Joni Mitchell,Folk
Jonny Greenwood,Classical
Jonny Lang,Blues
Joomanji,R&B
Jordan Feliz,Alternative
Jordan Rakei,Jazz
Jordan Ward,Alternative
Jordin Sparks,R&B
Jorja Smith,R&B
Jorma Kaukonen,Blues
Josef Leimberg,Jazz
Josh Blue,Comedy
Josh Garrels,Folk
Josh Gracin,Pop
Josh Sneed,Comedy
Joshua Redman,Jazz
José Carreras,Opera
José González,Pop
Joy Crookes,Alternative
Joy Division,Alternative
Joy Williams,Folk
Joyce Cooling,Jazz
Joyce DiDonato,Opera
Joyce Manor,Alternative
Joyner Lucas,Hip-Hop
Joywave,Pop
João Gilberto,Jazz
Juan Carlos Escalante,Comedy
Juan Diego Flórez,Opera
Juan Magán,Pop
Juanes,Pop
Judah & the Lion,Folk
Judd Greenstein,Classical
Judy Garland,Jazz
Juicy J,Pop
Jules Massenet,Opera
Julia Michaels,R&B
Julian Lage,Jazz
Julie Byrne,Pop
Julien Baker,Folk
Julien Dyne,Jazz
June Anderson,Opera
Junggigo,R&B
Jungle,R&B
Junior Kimbrough,Blues
Junior Wells,Blues
Junip,Folk
Jurassic 5,Hip-Hop
Jussi Björling,Opera
Just A Gent,Pop
Justice,Alternative
Justin Bieber,Pop
Justin Timberlake,Pop
Justine Skye,Alternative
Jvck James,R&B
Jóhann Jóhannsson,Classical
Jørgen Sandvik,Blues
K CAMP,Hip-Hop
KAYTRANADA,Alternative
KB,Hip-Hop
KDtheSinger,R&B
KIDS SEE GHOSTS,Hip-Hop
KILLY,Hip-Hop
KONGOS,Blues
KT Tunstall,Folk
KWAYE,R&B
KYLE,Hip-Hop
Kacey Musgraves,Pop
Kaiser Chiefs,Alternative
Kali Uchis,Pop
Kamaal Williams,Jazz
Kamasi Washington,Jazz
Kankick,Hip-Hop
Kanye West,Pop
Kap G,Hip-Hop
Kari Faux,R&B
Kari Jobe,Alternative
Karmawin,Jazz
Katchafire,Hip-Hop
Kate Bush,Folk
Katherine Jenkins,Opera
Kathleen Madigan,Comedy
Katie Melua,Jazz
Katt Williams,Comedy
Katy Perry,Pop
Keaton Henson,Folk
Keb' Mo',Blues
Keem the Cipher,Jazz
Kehlani,Pop
Keith Jarrett,Jazz
Keith John,Classical
Keith Richards,Blues
Kelela,Alternative
Kelis,R&B
Kelly Clarkson,R&B
Kelly Price,R&B
Kelly Rowland,R&B
Kelsea Ballerini,Jazz
Kelsey Lu,R&B
Kendrick Lamar,Hip-Hop
Kenny Burrell,Jazz
Kenny Dorham,Jazz
Kenny G,Jazz
Kenny Garrett,Jazz
Kenny Loggins,Pop
Kenny Wayne Shepherd,Blues
Kentucky Thunder,Blues
Keri Hilson,R&B
Kero One,Jazz
Kevin Flum,Hip-Hop
Kevin Garrett,Folk
Kevin Gates,Hip-Hop
Kevin Hart,Comedy
Kevin Nealon,Comedy
Kevin Puts,Classical
Kevin Ross,R&B
Kevoe West,Jazz
Key Glock,Hip-Hop
Keyshia Cole,R&B
Khalid,Pop
Kiah Victoria,R&B
Kiana Ledé,R&B
Kid Cudi,Hip-Hop
Kid Ink,R&B
Kid Rock,Alternative
Kid Trunks,Hip-Hop
Kiefer,Jazz
Kikagaku Moyo,Folk
Killswitch Engage,Alternative
Killumantii,Pop
Kilo Kish,Alternative
Kim Petras,Pop
Kim Waters,Jazz
Kimbra,Folk
Kimya Dawson,Folk
Kin$oul,Hip-Hop
Kina Grannis,Folk
King Crimson,Jazz
King Geedorah,Hip-Hop
King Khan and the Shrines,Blues
King Princess,Pop
Kirk Fletcher,Blues
Kirk Franklin,R&B
Kirk Whalum,Jazz
Kirko Bangz,Hip-Hop
Kllo,Alternative
Knxwledge,Hip-Hop
Kodak Black,Pop
Koko Taylor,Blues
Korn,Alternative
Koryn Hawthorne,R&B
Kota the Friend,R&B
Kronos Quartet,Classical
Krzysztof Penderecki,Classical
Kumail Nanjiani,Comedy
Kurt Atterberg,Classical
Kurt Vile,Folk
Kwaku Asante,R&B
Kygo,Pop
Kyle Cease,Comedy
Kyle Dion,R&B
Kyle Kinane,Comedy
Kyuss,Alternative
L'Indécis,Jazz
L.T.D.,Jazz
LCD Soundsystem,Folk
LEDGER,Alternative
LEGADO 7,Pop
LION BABE,R&B
LL Cool J,R&B
LOOΠΔ,Pop
LUCKI,Hip-Hop
La Lupe,Jazz
La Roux,Alternative
Labrinth,Pop
Lacrim,Hip-Hop
Lady Gaga,Pop
Lake Street Dive,Folk
Lalah Hathaway,R&B
Lana Del Rey,Pop
Lando Chill,Jazz
Langhorne Slim,Alternative
Lapalux,R&B
Larkin Poe,Blues
Larry Carlton,Jazz
Larry The Cable Guy,Comedy
Latimore,Blues
Laura Misch,Jazz
Lauren O'Connell,Alternative
Lauv,Pop
Lavinia Meijer,Classical
Layton Greene,R&B
Lead Belly,Folk
Lecrae,Alternative
Ledisi,R&B
Left Lane Cruiser,Blues
Leif Vollebekk,Folk
Leikeli47,R&B
Lemaitre,Alternative
Lemon Jelly,Jazz
Lemongrass,Jazz
Len,Pop
Lenin Ramírez,Pop
Lennie Tristano,Jazz
Leo Nucci,Opera
Leon Bridges,Blues
Leon Redbone,Jazz
Leona Lewis,Pop
Leonard Bernstein,Classical
Leonard Cohen,Folk
Leprous,Classical
Les McCann,Jazz
Lesley Garrett,Opera
Lesley Gore,Folk
Lester Young,Jazz
Leven Kali,R&B
Levon Helm,Blues
Lewis Black,Comedy
Lewis Capaldi,Pop
Lewis Del Mar,Alternative
Liam Payne,Pop
Lianne La Havas,R&B
Lifehouse,Pop
Lightnin' Hopkins,Blues
Like A Storm,Alternative
Lil Baby,Hip-Hop
Lil Durk,Hip-Hop
Lil Jon,Hip-Hop
Lil Jon & The East Side Boyz,Pop
Lil Peep,Hip-Hop
Lil Pump,Hip-Hop
Lil Toenail,Hip-Hop
Lil Uzi Vert,Pop
Lil Wayne,Hip-Hop
Lil Windex,Hip-Hop
Lil Wyte,Hip-Hop
Lil Xan,Hip-Hop
Lil Yachty,Hip-Hop
Lil' Kim,Pop
Lily Allen,Folk
Linda Jones,Blues
Linda Ronstadt,Folk
Link Wray,Blues
Linkin Park,Alternative
Lionel Hampton,Jazz
Liquid Tension Experiment,Classical
Lisa Lampanelli,Comedy
Lisa Landry,Comedy
Lit Killah,Hip-Hop
Little Anthony & The Imperials,Blues
Little Dragon,Alternative
Little Feat,Blues
Little Mix,R&B
Little Simz,Alternative
Little Walter,Blues
Living Colour,Alternative
Liza Anne,Folk
Lizzo,Pop
Lloyd,Hip-Hop
Lo-Fang,R&B
Local Natives,Folk
Loco,R&B
Loggins & Messina,Folk
Logic,Pop
Lolo Zouaï,Alternative
London Philharmonic Orchestra,Classical
Lone Catalysts,Jazz
Lonnie Mack,Blues
Lord Echo,Jazz
Lord Huron,Folk
Lorde,Pop
Loreena McKennitt,Folk
Loretta Lynn,Folk
Lori McKenna,Folk
Lorraine Hunt Lieberson,Opera
Los Inquietos Del Norte,Hip-Hop
Los Nuevos Ilegales,Pop
Lost Kings,Pop
Lostboycrow,Pop
Lou Donaldson,Jazz
Lou Rawls,Blues
Louis Armstrong,Jazz
Louis Armstrong & His Hot Five,Jazz
Louis C.K.,Comedy
Louis Couperin,Classical
Louis Jordan,Blues
Louis Jordan & His Tympany Five,Blues
Louis Katz,Comedy
Louis Prima,Jazz
Loyle Carner,Hip-Hop
Luca Fogale,Folk
Luca Turilli,Classical
Lucas Arruda,Jazz
Lucas Coly,R&B
Luciano Pavarotti,Opera
Lucius,Folk
Lucky Daye,Alternative
Lucky Millinder,Blues
Lucy Dacus,Folk
Lucy Pearl,R&B
Ludacris,Hip-Hop
Ludovico Einaudi,Pop
Ludwig van Beethoven,Classical
Lui Peng,R&B
Luigi Boccherini,Classical
Luis Fonsi,Pop
Lukas Nelson and Promise of the Real,Blues
Luke Winslow-King,Folk
Lupe Fiasco,Hip-Hop
Luther Vandross,R&B
Lyfe Jennings,R&B
Lyle Lovett,Folk
Lynyrd Skynyrd,Blues
Lyrica Anderson,R&B
Léo Delibes,Opera
M.O.P.,Hip-Hop
MARINA,Alternative
MC Magic,Hip-Hop
MF DOOM,Alternative
MF Eistee,Jazz
MGMT,Pop
MIIA,Pop
MISSIO,Alternative
Mac Ayres,Alternative
Mac Miller,Hip-Hop
Macaco,Alternative
Machine Gun Kelly,Hip-Hop
Mack Wilds,R&B
Mad Season,Blues
MadeinTYO,Hip-Hop
Madeleine Peyroux,Jazz
Madison Beer,R&B
Madvillain,Alternative
Magic Sam,Blues
Mahalia,Alternative
Maisie Peters,Folk
Majid Jordan,R&B
Major Lazer,Pop
Malibu Ken,Alternative
Maluma,Pop
Mammal Hands,Jazz
Manchester Orchestra,Folk
Mandisa,Alternative
Mandolin Orange,Folk
Manfred Mann,Blues
Mansur Brown,Jazz
Manu Chao,Alternative
Manuel Turizo,Pop
Manuel de Falla,Classical
Marc E. Bassy,R&B
Marc Maron,Comedy
Marcy Playground,Alternative
Margaret Cho,Comedy
Margaret Glaspy,Folk
Margareta Bengtson,Jazz
Maria Bamford,Comedy
Maria Callas,Opera
Mariah Carey,R&B
Maribou State,R&B
Marilyn Horne,Opera
Marilyn Manson,Alternative
Mario,Pop
Mario del Monaco,Opera
Marion Meadows,Jazz
Marjan Mozetich,Classical
Mark Diamond,Folk
Maroon 5,Pop
Marques Houston,R&B
Marsha Ambrosius,R&B
Marshmello,Pop
Martha Argerich,Classical
Martin Garrix,Pop
Martin Lawrence,Comedy
Marvin Sease,Blues
Mary Chapin Carpenter,Folk
Mary J. Blige,R&B
Mary Lattimore,Folk
Mary Mary,R&B
Mary Wells,Blues
Mase,R&B
Masego,R&B
Mason Jennings,Folk
Masta Ace,Hip-Hop
Mat Kearney,Folk
Mathias Eick,Jazz
Matt Braunger,Comedy
Matt Maher,Alternative
Matt Martians,Alternative
Matt Nathanson,Folk
Matt Ox,Hip-Hop
Matt Redman,Alternative
Matthew And The Atlas,Folk
Matthew Chaim,R&B
Matthew West,Alternative
Maurice Ravel,Classical
Mauro Giuliani,Classical
Max Bruch,Classical
Max Roach,Jazz
Maxo Kream,Hip-Hop
Maygen Lacey,Pop
Maynard Ferguson,Jazz
Maze,Jazz
Meat Puppets,Alternative
Meek Mill,Hip-Hop
Megadeth,Alternative
Megan Thee Stallion,R&B
Meghan Trainor,R&B
Mel Tormé,Jazz
Mel Waiters,Blues
Melanie Fiona,R&B
Melii,Pop
Melissa Etheridge,Folk
Melissa Manchester,Folk
Melodiesinfonie,Jazz
Melody Gardot,Jazz
Memphis Slim,Blues
MercyMe,Alternative
Meredith Andrews,Alternative
Merkules,Hip-Hop
Merl Saunders,Blues
Metric,Folk
Metro Boomin,Hip-Hop
Metro Station,Pop
Michael Byron,Classical
Michael Cera,Folk
Michael Cooper,Blues
Michael Haydn,Classical
Michael Ian Black,Comedy
Michael Jackson,Pop
Michael Lington,Jazz
Michael Nau,Folk
Michael W. Smith,Alternative
Michio Miyagi,Classical
Mick Jenkins,R&B
Middle Brother,Folk
Mighty Oaks,Folk
Migos,Hip-Hop
Miguel,R&B
Miike Snow,Alternative
Mike Baldwin,Comedy
Mike Birbiglia,Comedy
Mike DeStefano,Comedy
Mike Shinoda,Alternative
Mike Stud,Hip-Hop
Mike WiLL Made-It,Pop
Mike Zito,Blues
Mila J,Alternative
Miles Davis,Jazz
Miles Davis Quintet,Jazz
Milky Chance,Pop
Milo,Hip-Hop
Milt Jackson,Jazz
Ministry,Alternative
Mint Condition,R&B
Minthaze,Jazz
Mipso,Folk
Mirah,Folk
Mirella Freni,Opera
Mississippi John Hurt,Blues
Missy Elliott,R&B
Mitch Fatel,Comedy
Mitch Hedberg,Comedy
Mitch James,Pop
Mitski,Folk
Miya Folick,Folk
Mk.Gee,R&B
Mo Mandel,Comedy
Mobb Deep,Pop
Modern Baseball,Alternative
Modest Mouse,Alternative
Molly Burch,Folk
Molly Hatchet,Blues
Mom Jeans.,Alternative
Mon Laferte,Alternative
Moneybagg Yo,Hip-Hop
Monica,Pop
Monsieur Periné,Jazz
Monsta X,Pop
Monte Booker,Alternative
Montell Jordan,Pop
Montrose,Blues
Montserrat Caballé,Opera
Montserrat Figueras,Classical
Monty Python,Comedy
Moods,Alternative
Moonchild,Jazz
Mop Mop,Jazz
Morcheeba,Jazz
Morecambe & Wise,Comedy
Morphine,Blues
Morten Lauridsen,Classical
Mos Def,Hip-Hop
Mose Allison,Jazz
Moshe Kasher,Comedy
Mott The Hoople,Blues
Mountain,Blues
Mountain Man,Folk
Movements,Alternative
Mr. Probz,Hip-Hop
Ms. Lauryn Hill,R&B
Mt. Joy,Folk
Muddy Magnolias,Blues
Muddy Waters,Blues
Muggsy Spanier,Jazz
Mujo,Jazz
Mulatu Astatke,Jazz
Mulgrew Miller,Jazz
Mungo Jerry,Blues
Mushroomhead,Alternative
Musiq Soulchild,Hip-Hop
Mustard,Hip-Hop
Muzio Clementi,Classical
My Bloody Valentine,Folk
My Brothers And I,Folk
My Darkest Days,Alternative
My Morning Jacket,Alternative
Mykola Dmytrovych Leontovych,Classical
Myles Parrish,Hip-Hop
Myq Kaplan,Comedy
Myr Ramírez,Comedy
Myrath,Classical
Myron Butler & Levi,R&B
Mystic Prophecy,Classical
MØ,Pop
Mýa,R&B
N.E.R.D,Hip-Hop
N.O.R.E.,Hip-Hop
N.W.A.,Hip-Hop
NAV,Pop
NCT 127,Pop
NEEDTOBREATHE,Alternative
NF,Hip-Hop
NSTASIA,Alternative
Nai Palm,R&B
Najee,Jazz
Nancy Wilson,Jazz
Nao,R&B
Nas,Hip-Hop
Nat King Cole,Jazz
Nat King Cole Trio,Jazz
Natalie Cole,Jazz
Natalie Dessay,Opera
Natalie Imbruglia,Folk
Natalie Merchant,Folk
Natasha Bedingfield,Folk
Nate Harasim,Jazz
Nathalie Stutzmann,Opera
Nathaniel Rateliff & The Night Sweats,Folk
Native Construct,Jazz
Natti Natasha,Pop
Natureboy Flako,Jazz
Naughty Boy,R&B
Nazareth,Blues
Nbdy,R&B
Ne-Yo,R&B
Neal Schon,Classical
Neil Diamond,Folk
Neko Case,Folk
Nekrogoblikon,Folk
Nelly,Hip-Hop
Nena,Pop
NerdOut,Pop
Neutral Milk Hotel,Folk
New Medicine,Alternative
New Order,Alternative
Niccolò Jommelli,Opera
Niccolò Paganini,Classical
Nice & Smooth,Hip-Hop
Nick Di Paolo,Comedy
Nick Drake,Folk
Nick Griffin,Comedy
Nick Hakim,Alternative
Nick Jonas,R&B
Nick Swardson,Comedy
Nick Thune,Comedy
Nickel Creek,Folk
Nickelback,Alternative
Nicki Minaj,Pop
Nickodemus,Jazz
Nicky Jam,Hip-Hop
Nico Muhly,Classical
Nicola Porpora,Opera
Nicolai Ghiaurov,Opera
Nicole Bus,Pop
Nicotine's Famous Honey,R&B
Night Lovell,Hip-Hop
Nightmares On Wax,Jazz
Niia,R&B
Nils Janson,Jazz
Nils Landgren Funk Unit,Jazz
Nilüfer Yanya,Alternative
Nina Simone,Blues
Nine Inch Nails,Alternative
Nio Garcia,Hip-Hop
Nipsey Hussle,Hip-Hop
Nirvana,Alternative
Nivea,Pop
No Doubt,Pop
Noah And The Whale,Folk
Noah Gundersen,Folk
Noah Kahan,Pop
Noah Slee,R&B
Nobuo Uematsu,Classical
Noname,Alternative
Norah Jones,Folk
Noriel,Hip-Hop
Norm MacDonald,Comedy
Norman Blake,Folk
Norman Brown,Jazz
North Mississippi Allstars,Blues
Nostalgia 77,Jazz
Nothing But Thieves,Alternative
Nothing More,Alternative
Novo Amor,Folk
Nubiyan Twist,Jazz
Nubya Garcia,Jazz
Nujabes,Jazz
O Rappa,Alternative
O.C.,Alternative
O.T. Genasis,Hip-Hop
OK Go,Pop
OSHUN,R&B
Odd Chap,Jazz
Odd Future,Hip-Hop
Odunsi (The Engine),R&B
Of Monsters and Men,Pop
Offset,Hip-Hop
Ola Gjeilo,Classical
Old Crow Medicine Show,Folk
Oli Brown,Blues
Oliver Davis,Classical
Oliver Tree,Hip-Hop
Olivia Holt,Pop
Olivia O'Brien,R&B
Ollie,Hip-Hop
Olly Murs,Pop
Omar Apollo,Alternative
Omar Cunningham,Blues
Omarion,Hip-Hop
One Direction,Pop
OneRepublic,Pop
Opeth,Alternative
"Orchestra Del Teatro Alla Scala, Milano",Opera
Orden Ogan,Classical
Orgy,Alternative
Ornette Coleman,Jazz
Oscar D'León,Jazz
Oscar Jerome,Jazz
Oscar Peterson Trio,Jazz
Oshea,R&B
Otesla,Jazz
Otis Redding,Blues
Otis Taylor,Blues
Our Last Night,Pop
OutKast,Hip-Hop
Overscene,Alternative
P!nk,Pop
P.O.D.,Alternative
PARTYNEXTDOOR,R&B
PENOMECO,R&B
PJ Morton,R&B
PLAZA,R&B
PLT,R&B
PLVTINUM,Pop
PNAU,Alternative
PREP,Alternative
PRETTYMUCH,Pop
PRISTIN V,Pop
Pablo Araiza,Comedy
Pablo Francisco,Comedy
Palaye Royale,Alternative
Panda Bear,Folk
Panic! At The Disco,Pop
Pantera,Alternative
Paolo Nutini,Folk
Papa Roach,Alternative
Parachute,Pop
Paramore,Pop
Paris,Hip-Hop
Parisalexa,R&B
Parkway Drive,Alternative
Parov Stelar,Jazz
Passenger,Pop
Passion,Alternative
Passion Pit,Alternative
Pat Metheny,Jazz
Pat Metheny Group,Jazz
Patrice O'Neal,Comedy
Patrick Sweany,Blues
Patti Drew,Blues
Patton Oswalt,Comedy
Paul Brown,Jazz
Paul F. Tompkins,Comedy
Paul Hardcastle,Jazz
Paul McCartney,Folk
Paul Mealor,Classical
Paul Mooney,Comedy
Paul Simon,Folk
Paula Poundstone,Comedy
Paulo Londra,Hip-Hop
Pavement,Alternative
Peabo Bryson,R&B
Pearl Jam,Alternative
People Under The Stairs,Jazz
Perfume Genius,Folk
Perry Como,Jazz
Pete Holmes,Comedy
Pete Rock,Alternative
Pete Yorn,Folk
Peter Bjorn and John,Alternative
Peter Maxwell Davies,Classical
Peter Schickele,Classical
Peter Schmalfuss,Classical
Peter White,Jazz
Petula Clark,Folk
Phantogram,Pop
Phil Ochs,Folk
Phil Wickham,Alternative
Philadelphia Orchestra,Classical
Philharmonia Orchestra,Opera
Philip Glass,Classical
Philippe Jaroussky,Opera
Phillip Phillips,Folk
Phish,Blues
Phoebe Ryan,Pop
Phoebe Snow,Blues
Phoniks,Jazz
Phony Ppl,Alternative
Phora,Hip-Hop
Phosphorescent,Folk
Pia Mia,Pop
Pierce The Veil,Pop
Pietro Domenico Paradisi,Opera
Pietro Mascagni,Opera
Pinegrove,Folk
Pink Martini,Jazz
Pink Sweat$,R&B
Pitbull,Hip-Hop
Pixies,Pop
Placebo,Alternative
Playboi Carti,Hip-Hop
Plested,Folk
Plies,R&B
Plini,Jazz
Plácido Domingo,Opera
PnB Rock,Hip-Hop
Poco,Folk
Polo Polo,Comedy
Pond,Folk
Poo Bear,Pop
Poolside,Alternative
Pop Evil,Alternative
Post Malone,Pop
Potatohead People,Jazz
Pouya,Hip-Hop
Preme,Hip-Hop
Pretenders,Folk
Pretty Ricky,Hip-Hop
Primal Fear,Classical
Primus,Alternative
Princess Nokia,R&B
Professor Longhair,Blues
Proleter,Jazz
Public Enemy,Hip-Hop
Puddle Of Mudd,Alternative
Puerto Rican Power,Jazz
Punch Brothers,Folk
Puscifer,Alternative
Pusha T,Hip-Hop
Pyotr Ilyich Tchaikovsky,Classical
Quality Control,Hip-Hop
Quasimoto,Alternative
Quavo,Hip-Hop
Queen Naija,Pop
Queens of the Stone Age,Blues
Queensrÿche,Classical
Quicksilver Messenger Service,Blues
Quiet Arrows,Pop
Quincy,R&B
Quinn XCII,Pop
R.E.M.,Alternative
RAIGN,Alternative
RAYE,R&B
RC & The Gritz,R&B
RIMON,R&B
RKCB,Alternative
ROLE MODEL,R&B
ROSALÍA,R&B
RY X,Folk
Ra,Alternative
Ra Ra Riot,Alternative
Racer X,Classical
Rachel Feinstein,Comedy
Rad Museum,R&B
Radio Birdman,Blues
Radiohead,Alternative
Rae Sremmurd,Hip-Hop
Raekwon,Alternative
Raffi,Folk
Rage Against The Machine,Alternative
Raheem DeVaughn,Pop
Rainbow Kitten Surprise,Folk
Raleigh Ritchie,R&B
Ralph Myerz and the Herren Band,Jazz
Ralphie May,Comedy
Rammstein,Alternative
Randy Crawford,Jazz
Rare Earth,Blues
Rasta,Folk
Rationale,Folk
Raveena,Alternative
Ravi Shankar,Classical
Rawayana,Alternative
Ray Barretto,Jazz
Ray Bonneville,Blues
Ray Bryant,Jazz
Ray Charles,Jazz
Ray LaMontagne,Folk
Rayana Jay,Alternative
Rayland Baxter,Folk
Real Estate,Folk
Real Friends,Alternative
Red,Alternative
Red Hot Chili Peppers,Alternative
Redd Foxx,Comedy
Reigning Sound,Blues
Rejjie Snow,R&B
Rels B,R&B
Remy Ma,R&B
Renata Tebaldi,Opera
Rend Collective,Alternative
Renee Olstead,Jazz
René Jacobs,Opera
Renée Fleming,Opera
Reo Cragun,Hip-Hop
Residente,Hip-Hop
Return To Forever,Jazz
Reuben And The Dark,Folk
Rev Theory,Alternative
Rex Orange County,Pop
Rexx Life Raj,R&B
Rhapsody Of Fire,Classical
Rhye,Folk
Ricad Hutapea,Jazz
Riccardo Broschi,Opera
Riccardo Muti,Opera
Rich Brian,Hip-Hop
Rich Homie Quan,Hip-Hop
Rich The Kid,Hip-Hop
Richard Hell,Blues
Richard Heuberger,Opera
Richard Jeni,Comedy
Richard Pryor,Comedy
Richard Strauss,Classical
Richard Swift,Folk
Richard Tucker,Opera
Richard Wagner,Opera
Rick Braun,Jazz
Rick James,Hip-Hop
Rick Ross,Hip-Hop
Rihanna,R&B
Rina Sawayama,R&B
Rise Against,Alternative
Rita Ora,Pop
Rittz,Hip-Hop
Rival Sons,Blues
Ro James,Alternative
Rob Zombie,Alternative
Robben Ford,Blues
Robert Cray,Blues
Robert DeLong,Alternative
Robert Glasper Experiment,Jazz
Robert Johnson,Blues
Robert Kelly,Comedy
Robert Plant,Blues
Robert Randolph & The Family Band,Blues
Robert Schimmel,Comedy
Robert Schumann,Classical
Robert Stolz,Opera
Robert Wilkins,Blues
Roberta Gambarini,Jazz
Robin Trower,Blues
Robin Williams,Comedy
Rodney Carrington,Comedy
Roland Dyens,Classical
Ron White,Comedy
Ronnie Laws,Jazz
Ronny J,Hip-Hop
Rory Scovel,Comedy
Rosanne Cash,Alternative
Rose Cousins,Folk
Ross Lynch,Pop
Rotimi,R&B
Roy Ayers,Jazz
Roy Ayers Ubiquity,Jazz
Roy Hargrove,Jazz
Roy Woods,R&B
Royal Blood,Blues
"Royce Da 5'9""",Hip-Hop
Ruben Gonzalez,Jazz
Rubén Blades,Jazz
Ruff Endz,R&B
Rufus Wainwright,Pop
Ruggero Leoncavallo,Opera
Run The Jewels,Alternative
Running Wild,Classical
Russ,Hip-Hop
Russell Peters,Comedy
Ruth Brown,Jazz
Ruth Crawford Seeger,Classical
Ry Cooder,Blues
Ryan Beatty,R&B
Ryan Caraveo,Hip-Hop
Ryan Montbleau,Folk
Ryan Sickler,Comedy
Ryan Singer,Comedy
Ryan Stout,Comedy
Ryan Trey,Alternative
Ryland James,R&B
Ryuichi Sakamoto,Classical
S. Carey,Folk
S. J. Tucker,Folk
SG Lewis,R&B
SHINee,Pop
SHY Martin,Pop
SOHN,R&B
STRFKR,Alternative
SWV,R&B
SYML,Folk
SZA,Hip-Hop
Saba,Alternative
Sabrina Claudio,Alternative
Sade,R&B
Sadistik,Hip-Hop
Sadiva,Jazz
Sage The Gemini,Hip-Hop
SahBabii,Hip-Hop
Saliva,Alternative
Sam Cooke,Pop
Sam Hunt,Pop
Sam Kinison,Comedy
Sam Morril,Comedy
Sam Smith,Pop
Samantha Fish,Blues
Samm Henshaw,R&B
Sammie,R&B
Sampha,R&B
Samuel Barber,Classical
San Holo,Pop
Sanctus Real,Alternative
Sandy Denny,Folk
Sango,R&B
Santana,Blues
Santigold,Alternative
Sara Bareilles,Folk
Sara Gazarek,Jazz
Sarah Jarosz,Folk
Sarah McKenzie,Jazz
Sarah Millican,Comedy
Sarah Silverman,Comedy
Sarah Vaughan,Jazz
Sasha Sloan,Pop
Savage Garden,Pop
Saverio Mercadante,Opera
ScHoolboy Q,Hip-Hop
Scale The Summit,Jazz
Scarlxrd,Hip-Hop
Scott H. Biram,Blues
Scott Hamilton,Jazz
Scott Helman,Folk
Scott Joplin,Classical
Screaming Trees,Alternative
Seafret,Folk
Seals and Crofts,Folk
Sean Kingston,Hip-Hop
Seasick Steve,Blues
Seattle Symphony Orchestra,Classical
Seether,Alternative
Seething Fuck Patties,Comedy
Selena,Pop
Selena Gomez,Pop
Selena Gomez & The Scene,Pop
Sergei Prokofiev,Classical
Sergei Rachmaninoff,Classical
Seth Ennis,Pop
Sevdaliza,R&B
Seven Mary Three,Alternative
Sevyn Streeter,R&B
Shakewell,Hip-Hop
Shakey Graves,Folk
Shakira,Pop
Shane & Shane,Alternative
Shane Mauss,Comedy
Shania Twain,Pop
Shannon Curfman,Blues
Sharon Jones & The Dap-Kings,Jazz
Sharon Shannon,Folk
Shawn Colvin,Folk
Shawn James & the Shapeshifters,Blues
Shawn Mendes,Pop
Shay Lia,R&B
Sheck Wes,Hip-Hop
Shemekia Copeland,Blues
Sheryl Crow,Folk
Shinedown,Alternative
Shinichi Suzuki,Classical
Shirley & Lee,Blues
Shocking Blue,Folk
Shoffy,R&B
Shordie Shordie,Hip-Hop
Shoreline Mafia,Hip-Hop
Shovels & Rope,Blues
Shuggie Otis,Jazz
Shy Girls,R&B
Shy Glizzy,Hip-Hop
SiR,R&B
Sia,Pop
Sidewalk Prophets,Alternative
Sierra Maestra,Jazz
Silvana Estrada,Jazz
Silver Jews,Folk
Silversun Pickups,Alternative
Simon & Garfunkel,Folk
Simple Plan,Pop
Sin Shake Sin,Alternative
Sinbad,Comedy
Sinead Harnett,R&B
Sinitus Tempo,Jazz
Sinéad O'Connor,Folk
Sir Charles Jones,Blues
Sir Mix-A-Lot,Hip-Hop
Sir Sly,Alternative
Sithu Aye,Jazz
Ski Mask The Slump God,Hip-Hop
Skillet,Alternative
Skizzy Mars,Hip-Hop
Skylar Grey,Pop
Slave,Jazz
Slayer,Alternative
Sleater-Kinney,Alternative
Sleeping At Last,Folk
Sleeping With Sirens,Pop
Slipknot,Alternative
Slum Village,Alternative
Slushii,Pop
Sly5thAve,Jazz
Smash Mouth,Alternative
Smile Empty Soul,Alternative
Smino,Alternative
Smith & Thell,Pop
Smoke Dza,Hip-Hop
Smokepurpp,Hip-Hop
Smooth Jazz New York,Jazz
Snarky Puppy,Jazz
Snoh Aalegra,Alternative
Snooks Eaglin,Blues
Snooky Pryor,Blues
Snorri Hallgrímsson,Classical
Snow Patrol,Pop
SoMo,R&B
Social Club Misfits,Hip-Hop
Soen,Jazz
Solange,R&B
Solomon Burke,Blues
Son House,Blues
Sonata Arctica,Classical
Sonder,R&B
Sonic Youth,Blues
Sonny Boy Williamson I,Blues
Sonny Boy Williamson II,Blues
Sonny Clark,Jazz
Sonny Rollins,Jazz
Sons Of The East,Folk
Soul Asylum,Alternative
Soul For Real,R&B
SoulChef,Jazz
Soulive,Jazz
Soulja Boy,Hip-Hop
Souls Of Mischief,Jazz
Souly Had,R&B
Soundgarden,Alternative
South Park Mexican,Hip-Hop
Spandau Ballet,Pop
Spirit,Blues
Spooky Black,Alternative
Spyro Gyra,Jazz
St Germain,Jazz
St. Vincent,Folk
Stacey Kent,Jazz
Stan Getz,Jazz
Stan Mosley,Blues
Star Cast,R&B
Starset,Alternative
Steely Dan,Blues
Steeve Laffont,Jazz
Stephen Lynch,Comedy
Stephen Stills,Folk
Steppenwolf,Blues
Stetsasonic,Jazz
Steve Aoki,Pop
Steve Byrne,Comedy
Steve Earle,Folk
Steve Forbert,Alternative
Steve Harvey,Comedy
Steve Hofstetter,Comedy
Steve Lacy,Alternative
Steve Martin,Comedy
Steve Miller Band,Blues
Steve Vai,Classical
Steven Wright,Comedy
Stevie Ray Vaughan,Blues
Stevie Stone,Hip-Hop
Still Woozy,Alternative
Stitches,Hip-Hop
Stone Sour,Alternative
Stone Temple Pilots,Alternative
Stratovarius,Classical
Sturgill Simpson,Alternative
Styles P,Hip-Hop
Styx,Folk
Stéphane Kerecki Quartet,Jazz
Sudan Archives,Jazz
Sufjan Stevens,Folk
Sum 41,Alternative
Summer Walker,Pop
Summerella,R&B
Sun Ra,Jazz
Sundara Karma,Folk
Sunni Colon,Alternative
Supersuckers,Blues
Surfaces,R&B
Susan Tedeschi,Blues
Susan Wong,Jazz
Susannah McCorkle,Jazz
Swarvy,Jazz
Sweet,Blues
Switchfoot,Alternative
Swizz Beatz,Hip-Hop
Sydney Renae,R&B
Sylvan Esso,Folk
Sylvan LaCue,Hip-Hop
Symphony X,Classical
System Of A Down,Alternative
T-Bone Walker,Jazz
T-Pain,Pop
T. Rex,Blues
T.I.,Hip-Hop
T.J. Miller,Comedy
T.K. Soul,Blues
TAEYANG,R&B
THEY.,R&B
TLC,R&B
TV On The Radio,Alternative
TWENTY88,R&B
TWICE,Pop
TYuS,R&B
Tab Benoit,Blues
Tadd Dameron,Jazz
Taj Mahal,Blues
Taking Back Sunday,Pop
Talib Kweli,Hip-Hop
Talking Heads,Folk
Tall Heights,Folk
Tamar Braxton,R&B
Tamia,R&B
Tampa Red,Blues
Tank,R&B
Tape Five,Jazz
Taproot,Alternative
Taste,Blues
Tay-K,Hip-Hop
Taylor Diaz,R&B
Taylor Swift,Pop
Tech N9ne,Hip-Hop
Ted Hawkins,Blues
Ted Nugent,Blues
Tedashii,Hip-Hop
Teddy Pendergrass,R&B
Teddybears,Alternative
Tedeschi Trucks Band,Blues
Tee Grizzley,Hip-Hop
Teedra Moses,R&B
Tegan and Sara,Folk
Tego Calderon,Hip-Hop
Tei Shi,R&B
Television,Blues
Temple Of The Dog,Alternative
Ten Years After,Blues
Tenacious D,Comedy
Tennis,Folk
Terence Blanchard,Jazz
Terry Riley,Classical
TesseracT,Jazz
Teyana Taylor,Alternative
The 1975,Alternative
The Algorithm,Jazz
The Allman Brothers Band,Blues
The Animals,Blues
The Arcs,Blues
The Aristocrats,Classical
The Avett Brothers,Folk
The Ballroom Thieves,Folk
The Band,Blues
The Band CAMINO,Folk
The Barr Brothers,Folk
The Beach Boys,Folk
The Belmonts,Blues
The Beta Band,Alternative
The Black Angels,Blues
The Black Crowes,Alternative
The Black Eyed Peas,Pop
The Black Keys,Blues
The Black Market Trust,Jazz
The Blackwater Fever,Blues
The Blues Brothers,Blues
The Bobbettes,Blues
The Bones of J.R. Jones,Blues
The Brand New Heavies,Jazz
The Breeders,Alternative
The Brothers Johnson,Jazz
The Byrds,Blues
The Cab,Pop
The California Honeydrops,Blues
The Carters,R&B
The Chainsmokers,Pop
The Chiffons,Blues
The Civil Wars,Folk
The Clientele,Folk
The Cold Stares,Blues
The Contortionist,Jazz
The Cooltrane Quartet,Jazz
The Cramps,Blues
The Cranberries,Pop
The Cult,Alternative
The Dave Brubeck Quartet,Jazz
The Dead Milkmen,Alternative
The Dead Weather,Blues
The Decemberists,Folk
The Derek Trucks Band,Blues
The Dillinger Escape Plan,Jazz
The Dodos,Folk
The Doobie Brothers,Blues
The Drifters,Blues
The Dubliners,Folk
The Dubs,Blues
The East Pointers,Folk
The Electric Swing Circus,Jazz
The Fabulous Thunderbirds,Blues
The Fall,Blues
The Flaming Lips,Folk
The Fleetwoods,Blues
The Front Bottoms,Alternative
The Game,Hip-Hop
The Goo Goo Dolls,Alternative
The Gregg Allman Band,Blues
The Groundhogs,Blues
The Guess Who,Folk
The Harptones,Blues
The Head and the Heart,Folk
The Heavy,Blues
The Herbaliser,Jazz
The Hics,R&B
The High Kings,Folk
The Hollies,Folk
The Hotelier,Alternative
The Ink Spots,Jazz
The Internet,Alternative
The J. Geils Band,Blues
The Japanese House,R&B
The Jeff Healey Band,Blues
The Jerky Boys,Comedy
The Jones Girls,Jazz
The Kills,Blues
The Kinks,Folk
The Louisiana Blues Brothas,Blues
The Lovin' Spoonful,Folk
The Lumineers,Folk
The Magnetic Fields,Folk
The Mamas & The Papas,Folk
The Man Who,Alternative
The Marcus King Band,Blues
The Marshall Tucker Band,Blues
The Marvelettes,Blues
The Marías,R&B
The Mayries,Pop
The Menzingers,Alternative
The Microphones,Folk
The Milk Carton Kids,Folk
The Modern Lovers,Blues
The Monkees,Folk
The Monty Alexander Trio,Jazz
The Mountain Goats,Folk
The Naked And Famous,Alternative
The National,Folk
The Neighbourhood,Alternative
The New Birth,Jazz
The Notorious B.I.G.,Hip-Hop
The Offspring,Alternative
The Oh Hellos,Folk
The Orlons,Blues
The Outlaws,Blues
The Paper Kites,Folk
The Parlor Mob,Blues
The Pharcyde,Jazz
The Platters,Jazz
The RH Factor,Jazz
The Raconteurs,Blues
The Record Company,Blues
The Red Jumpsuit Apparatus,Pop
The Replacements,Folk
The Reverend Peyton's Big Damn Band,Blues
The Revivalists,Alternative
The Ronettes,Pop
The Score,Alternative
The Script,Pop
The Seeds,Blues
The Shins,Folk
The Shirelles,Blues
The Shouting Matches,Blues
The Skatalites,Jazz
The Sklar Brothers,Comedy
The Smashing Pumpkins,Alternative
The Sonics,Blues
The Spaniels,Blues
The Spencer Davis Group,Blues
The Spits,Blues
The Staves,Folk
The Stone Foxes,Blues
The Stooges,Blues
The Story So Far,Alternative
The Strokes,Alternative
The Sweeplings,Folk
The Taxpayers,Folk
The Temper Trap,Pop
The Temperance Movement,Blues
The Toilet Bowl Cleaners,Comedy
The Underachievers,Hip-Hop
The Vamps,Pop
The Velvet Underground,Folk
The Wailin' Jennys,Folk
The Wanted,Pop
The Wanton Bishops,Blues
The Weeknd,R&B
The Whispers,Jazz
The White Stripes,Blues
The Who,Blues
The Wild Reeds,Folk
The Wonder Years,Alternative
The Wood Brothers,Blues
The Yardbirds,Blues
The-Dream,R&B
Thee Oh Sees,Blues
Thelonious Monk,Jazz
Them Crooked Vultures,Alternative
Theocracy,Classical
Theodis Ealey,Blues
Theophilus London,Alternative
Theory of a Deadman,Alternative
Thievery Corporation,Jazz
Thin Lizzy,Blues
Third Day,Alternative
Third Eye Blind,Alternative
Thirdstory,R&B
Thomas Blug,Classical
Thomas Hampson,Opera
Thomas Quasthoff,Opera
Thousand Foot Krutch,Alternative
Three 6 Mafia,Hip-Hop
Three Days Grace,Alternative
Three Dog Night,Blues
Thundercat,Hip-Hop
Thutmose,Hip-Hop
Tia Ray,Jazz
Tierra Whack,Alternative
Tig Notaro,Comedy
Tim Atlas,R&B
Tim Buckley,Folk
Tim Wilson,Comedy
Timbaland,R&B
Tinariwen,Blues
Tinashe,R&B
Tink,R&B
Tinsley Ellis,Blues
Tiny Moving Parts,Alternative
Tion Phipps,R&B
Tito Gomez,Jazz
Tito Nieves,Jazz
Tito Puente,Jazz
Tiësto,Pop
Toad The Wet Sprocket,Alternative
Tobi Lou,R&B
Toby Love,Hip-Hop
TobyMac,Hip-Hop
Todd Barry,Comedy
Todd Glass,Comedy
Todd Rundgren,Folk
Token,Hip-Hop
Told Slant,Folk
Tom Browne,Jazz
Tom Cotter,Comedy
Tom Grennan,Folk
Tom Misch,R&B
Tom Odell,Folk
Tom Papa,Comedy
Tom Petty,Folk
Tom Petty and the Heartbreakers,Folk
Tom Rosenthal,Folk
Tom Scott,Jazz
Tom Segura,Comedy
Tom Speight,Folk
Tom Waits,Folk
Tom Walker,Folk
Tomaso Albinoni,Opera
Tommy Castro,Blues
Tommy Dorsey,Jazz
Tommy Edwards,Blues
Tommy Emmanuel,Jazz
Tommy Flanagan,Jazz
Tommy Genesis,R&B
Tommy Guerrero,Jazz
Tommy James & The Shondells,Pop
Tommy Johnagin,Comedy
Tommy Olivencia,Jazz
Tommy Ryman,Comedy
Tomás Luis de Victoria,Classical
Tone Stith,R&B
Toni Braxton,R&B
Toni Romiti,R&B
Tonic,Pop
Tony Allen,Jazz
Tony Bennett,Jazz
Tony Dize,Hip-Hop
Tony Joe White,Blues
Tori Kelly,Pop
Toro y Moi,Folk
Tory Lanez,Hip-Hop
Tosca,Jazz
Total,Hip-Hop
Tove Lo,R&B
Tower Of Power,Jazz
Towkio,Hip-Hop
Traffic,Blues
Train,Pop
Trampled by Turtles,Folk
Trans-Siberian Orchestra,Classical
Trapt,Alternative
Traveling Wilburys,Blues
Travis Scott,Pop
Trey Songz,R&B
Trick Daddy,Hip-Hop
Trina,R&B
Trio X of Sweden,Jazz
Trophy Eyes,Alternative
Troye Sivan,Pop
Tucka,Blues
Tullio Serafin,Opera
Turnover,Alternative
Turtle Island String Quartet,Jazz
Tweet,R&B
Twenty One Pilots,Pop
Twilight Force,Classical
Twista,R&B
Two Door Cinema Club,Alternative
Ty Dolla $ign,R&B
Ty Segall,Blues
Tyga,Pop
Tyler Bryant & the Shakedown,Blues
"Tyler, The Creator",Hip-Hop
Tynisha Keli,R&B
Tyrone Davis,Blues
UFO,Blues
UMI,Alternative
Ugly God,Hip-Hop
Umberto Giordano,Opera
Uncle Tupelo,Folk
Unknown Mortal Orchestra,Folk
Unspoken,Alternative
Uriah Heep,Blues
Usher,Hip-Hop
VHS Collection,Pop
VICTOR!,Pop
Valee,Hip-Hop
Valley Queen,Alternative
Vampire Weekend,Folk
Van Canto,Classical
Van Morrison,Folk
VanJess,Alternative
Vance Joy,Folk
Vancouver Sleep Clinic,Folk
Vanessa Carlton,Folk
Vashti Bunyan,Folk
Vedo,R&B
Velvet Revolver,Alternative
Verse Simmonds,Pop
Vic Damone,Jazz
Vic Mensa,Hip-Hop
Victimas Del Doctor Cerebro,Alternative
Victor Wooten,Jazz
Victorious Cast,Pop
Vienna Teng,Folk
Villette,R&B
Vince Guaraldi Trio,Jazz
Vince Staples,Hip-Hop
Vincenzo Bellini,Opera
Violent Femmes,Alternative
Virlan Garcia,Pop
Vladimir Ashkenazy,Classical
Vladimir Horowitz,Classical
Volbeat,Alternative
Voz De Mando,Hip-Hop
Vyacheslav Artyomov,Classical
WALK THE MOON,Pop
WHATUPRG,Hip-Hop
WHY?,Folk
Waka Flocka Flame,Hip-Hop
Waldeck,Jazz
Wale,Hip-Hop
Walter Trout,Blues
Wanna One,Pop
Wardruna,Folk
Warpaint,Folk
Warren Haynes,Blues
Warren Hill,Jazz
Warren Zevon,Alternative
Wavves,Folk
Wax Tailor,Jazz
Waxahatchee,Folk
Wayman Tisdale,Jazz
Wayne Snow,Jazz
Weezer,Alternative
Welshly Arms,Alternative
Wendell B,Blues
Werner Haas,Classical
Wes Montgomery,Jazz
Wet,R&B
When In Rome,Pop
White Denim,Blues
Whitesnake,Blues
Whitney Cummings,Comedy
Whitney Houston,R&B
Whole Doubts,Pop
Why Don't We,Pop
Widespread Panic,Blues
Wiener Philharmoniker,Classical
Wifisfuneral,Hip-Hop
Wilco,Alternative
Wild Child,Folk
Wild Rivers,Folk
Wilhelm Stenhammar,Classical
Will Downing,Jazz
William Boyce,Classical
William Fitzsimmons,Folk
William Lawes,Classical
William Singe,R&B
Willie Colón,Jazz
Wilson Pickett,Folk
Wipers,Blues
Wisin,Pop
Wisin & Yandel,Hip-Hop
Witt Lowry,Pop
Wiz Khalifa,Hip-Hop
Wolfgang Amadeus Mozart,Classical
Wolfgang Lohr,Jazz
Wolfine,Pop
Wolfmother,Alternative
Woods,Folk
Woody Guthrie,Folk
Wrabel,Folk
Wu-Tang Clan,Pop
Wyatt Cenac,Comedy
Wynton Kelly,Jazz
Wynton Marsalis,Classical
X,Blues
X Ambassadors,Alternative
XTC,Pop
XXXTENTACION,Hip-Hop
Xavier Omär,R&B
Xavier Wulf,Hip-Hop
Xcelencia,R&B
Xscape,R&B
Y La Bamba,Folk
YBN Cordae,Hip-Hop
YFN Lucci,Hip-Hop
YG,Hip-Hop
Yandel,Hip-Hop
Yaron Herman Trio,Jazz
Yeah Yeah Yeahs,Alternative
Yeek,Alternative
Yella Beezy,Hip-Hop
Yellow Days,Pop
Yellowcard,Pop
Ying Yang Twins,Pop
Yo Gotti,Pop
Yo Trane,Pop
Yo-Yo Ma,Classical
Yoke Lore,Folk
Young Buck,Hip-Hop
Young Dolph,Hip-Hop
Young Nudy,Hip-Hop
Young Scooter,Hip-Hop
Young Thug,Hip-Hop
Young the Giant,Alternative
Youth Lagoon,Folk
Yuna,Alternative
Yung Bans,Hip-Hop
Yung Bleu,R&B
Yung Lean,Hip-Hop
Yung Pinch,Hip-Hop
Yung Tory,Hip-Hop
Yunggoth✰,Hip-Hop
Yusuf / Cat Stevens,Folk
Z.Z. Hill,Blues
ZAYN,Pop
ZZ Top,Blues
ZZ Ward,Folk
Zacari,Alternative
Zara Larsson,Pop
Zayde Wølf,Alternative
Zaytoven,Hip-Hop
Zaz,Jazz
Zero 7,Jazz
Zico,R&B
Ziggy,R&B
Zion & Lennox,Hip-Hop
Zoé,Alternative
anders,Alternative
ayokay,Pop
bbno$,Hip-Hop
benny blanco,Pop
blackbear,Pop
boy pablo,Pop
courtship.,Pop
cupcakKe,Hip-Hop
digitalluc,Jazz
dodie,Pop
dvsn,R&B
for KING & COUNTRY,Alternative
ford.,R&B
gianni & kyle,Pop
gnash,Pop
goosetaf,Jazz
grandson,Alternative
iLOVEFRiDAY,Pop
khai dreams,R&B
laye,R&B
lil aaron,Hip-Hop
little hurricane,Blues
"nothing,nowhere.",Hip-Hop
of Montreal,Folk
offonoff,R&B
oofoe,Jazz
tobi lou,Alternative
tusken.,Jazz
yahyel,R&B
zack villere,R&B
Ñejo,Hip-Hop
Ólafur Arnalds,Classical
ØDYSSEE,Jazz
